品名, 網址, 價錢, 剩餘數量, 已賣數量
[北投之家]現貨 日本 國際牌 Panasonic 吹風機 EH-NA97桃紅, http://goods.ruten.com.tw/item/show?21549261616070, 6480, 999, 0
[北投之家]現貨 日本 國際牌 Panasonic 吹風機 EH-NA97粉, http://goods.ruten.com.tw/item/show?21549261605663, 6480, 999, 0
[北投之家]現貨 日本 國際牌 Panasonic 吹風機 EH-NA97白, http://goods.ruten.com.tw/item/show?21549261595627, 6480, 998, 1
[北投之家]頂級德國製造 百靈 Braun 電鬍刀 電動刮鬍刀 5030S (現貨), http://goods.ruten.com.tw/item/show?21546092005790, 2980, 996, 3
[北投之家]頂級德國百靈 Braun 電鬍刀 電動刮鬍刀 Series9 9095cc 9095cc (現貨), http://goods.ruten.com.tw/item/show?21530189459030, 9880, 995, 4
[北投之家](現貨)全新 PHILIPS 飛利浦 S9152 S9151/26 9000 乾濕兩用 頂級電鬍刀刮鬍刀, http://goods.ruten.com.tw/item/show?21525859853069, 6980, 998, 1
[北投之家]德國製 頂級百靈 Braun 電鬍刀 電動刮鬍刀 Water flex系列 WF2S (現貨), http://goods.ruten.com.tw/item/show?21518214761525, 2930, 999, 0
[北投之家](現貨)全新 PHILIPS 飛利浦 S9151 S9151/12 9000 乾濕兩用 頂級電鬍刀刮鬍刀, http://goods.ruten.com.tw/item/show?21510554498307, 5690, 999, 0
[北投之家](現貨)全新 PHILIPS 飛利浦 S9521 S9521/26 9000 乾濕兩用 頂級修容電鬍刀刮鬍刀, http://goods.ruten.com.tw/item/show?21510554161056, 7780, 994, 5
[北投之家](現貨)全新 PHILIPS 飛利浦 S9711 S9711/33 自動清潔 防水 頂級修容電鬍刀刮鬍刀, http://goods.ruten.com.tw/item/show?21510554106055, 11200, 995, 4
[北投之家]頂級德國百靈 Braun 電鬍刀 電動刮鬍刀 Series9 9090cc 9090cc (現貨), http://goods.ruten.com.tw/item/show?21510554003950, 9280, 997, 2
[北投之家]德國製 頂級百靈 Braun 電鬍刀 電動刮鬍刀 Water flex系列 WF1S, http://goods.ruten.com.tw/item/show?21438241348189, 2380, 2, 2
[北投之家]全新 頂級德國製 百靈 5090CC 電動刮鬍刀 3D刀頭 可水洗 含清洗座(現貨), http://goods.ruten.com.tw/item/show?21436095636005, 4790, 90, 17
[北投之家]頂級德國製造 百靈 Braun 電鬍刀 電動刮鬍刀 5040S (現貨), http://goods.ruten.com.tw/item/show?21408032488033, 3450, 6, 4
[北投之家]全新 頂級德國製 百靈 BRAUN CoolTec系列 CT6cc 涼感冰感科技電鬍刀 含清洗座(現貨), http://goods.ruten.com.tw/item/show?21408032481575, 4480, 2, 14
[北投之家]全新 德國百靈 Braun 電鬍刀 電動刮鬍刀 Series3 390cc 390cc-4 (現貨), http://goods.ruten.com.tw/item/show?21407251161044, 3780, 997, 2
[北投之家]德國百靈 Braun 電鬍刀 電動刮鬍刀 Series3 3040S (現貨), http://goods.ruten.com.tw/item/show?21406161103667, 2680, 988, 11
[北投之家]德國百靈 Braun 電鬍刀 電動刮鬍刀 Series3 3030S (現貨), http://goods.ruten.com.tw/item/show?21406160998916, 2480, 989, 10
[北投之家]購買杯子加購吸管區  適用 美國 Thermos膳魔師 kitty 兒童保溫/保冷吸管水壺(現貨), http://goods.ruten.com.tw/item/show?21404306163684, 120, 997, 2
[北投之家]PHILIPS 飛利浦 3D極速電鬍刀 刮鬍刀~RQ1290 / RQ-1290 RQ1290CC(現貨), http://goods.ruten.com.tw/item/show?21404267242048, 10800, 999, 0
[北投之家]PHILIPS 飛利浦 3D極速電鬍刀 刮鬍刀~RQ1295 / RQ-1295 RQ1295CC(現貨目前最高階), http://goods.ruten.com.tw/item/show?21402125813458, 11800, 997, 2
[北投之家] 全新 德國製 百靈 Braun 51S 590CC.530S.8000系列刮鬍刀刀網組 (現貨), http://goods.ruten.com.tw/item/show?21312044747599, 1150, 975, 24
[北投之家] 全新 70S 德國製 790CC.760CC.720S.9000系列刮鬍刀刀網組 (現貨), http://goods.ruten.com.tw/item/show?21312044743214, 1230, 992, 7
[北投之家]頂級德國百靈 Braun 電鬍刀 電動刮鬍刀 Series7 750cc 750cc-7 (現貨), http://goods.ruten.com.tw/item/show?21312044735013, 6480, 997, 2
[北投之家]全新 頂級德國百靈 Braun 電鬍刀 電動刮鬍刀 Series7 790cc-7 (比790cc-5更新), http://goods.ruten.com.tw/item/show?21312044729151, 7400, 991, 8
[北投之家]全新 PHILIPS 飛利浦RQ1285CC RQ-1285 3D頂級精品電鬍刀刮鬍刀 (現貨), http://goods.ruten.com.tw/item/show?21312044148583, 8480, 991, 8
[北投之家]全新 PHILIPS 飛利浦 AT891 三刀頭電鬍刀 刮鬍刀 (現貨) 同PT860, http://goods.ruten.com.tw/item/show?21302052976467, 2040, 993, 6
[北投之家]頂級德國百靈 Braun 電鬍刀 電動刮鬍刀 Series3 350CC-5RP(現貨)(含清洗座), http://goods.ruten.com.tw/item/show?21212172412702, 2920, 975, 24
[北投之家]PHILIPS 飛利浦RQ1290 RQ-1290 3D極速頂級精品電鬍刀刮鬍刀 (現貨), http://goods.ruten.com.tw/item/show?21212172399560, 7980, 999, 0
[北投之家]PHILIPS 飛利浦RQ1280 RQ1280CC RQ1280 3D極速頂級精品電鬍刀刮鬍刀 (現貨), http://goods.ruten.com.tw/item/show?21212172394880, 7480, 996, 3
